Excelente opcion Es un hotel con detalles interesantes, combina la construccion de principios de 1900 con la modernidad de nuestros dias. El servicio excelente, el precio muy bueno. La cercania con el metro lo hace aun mejor. Es un lugar donde la calidad del servicio y las habitaciones hicieron de nuestra estadia en Madrid inolvidable. La joven de la recepcion esta muy pendiente de cada detalle para hacer aun mas placentera la estadia en el lugar. 	1
Espectacular Hotel Boutique! Impresionante!! .. Estuvimos con mi esposo y mi hermana el mes pasado y la verdad nos encantó. Muy bien ubicado cerca de la estación Atocha y de varios lugares interesantes para visitar .. Las chicas de la recepción son super amables y siempre dispuestas a ayudarnos y recomendarnos restaurantes en la zona. La habitación limpia y muy bien distribuída.	1
En una palabra: EXCELENTE!! Estuvimos hace unos meses hospedados en el hotel durante una noche en el ático y la verdad que nuestras expectativas eran ya de por sí muy altas debido a las excelentes críticas que había en Tripadvisor. Pese e ello tanto mi novia como yo solemos ser muy excépticos con las opiniones de los usuarios pero, al poco de entrar al hotel, todas nuestras dudas se disiparon... el personal y su trato hacia todos los clientes era magnífico, el cuidado del hotel impecable y la habitación acogedora. En cuanto al desayuno buffet tenía poco surtido pero lo que había era de gran calidad.	1
Hermoso Hotel Boutique! El Hotel esta en una zona bien cercana a la estación de Trenes de Atocha, se puede caminar hasta allí, a la vez esta cerca de todo, Prado, Reina Sofia, Plaza Mayor etc. caminamos a todos lados, es un antiguo edificio reciclado con mucho gusto, la atención de la gente de la recepción fue mas que cálida y tuvimos la oportunidad de charlar con el dueño, el se preocupo por saludarnos y resulto encantador. Sin dudas regresaría! 	1
Arturo Garza de Mexico "El Hotel de lo mejor" Mi esposa y yo,en nuestro reciente viaje de aniversario de bodas, verdaderamente disfrutamos nuestra estancia en el Artrip hotel, es una muy agradable combinación de ubicación, personal de primera, instalaciones muy practicas y agradables, limpieza, un muy buen desayuno, incluso el servicio de taxi recomendado por ellos muy bueno, con detalles hacia nosotros que hicieron muy confortable nuestra estancia en el hotel,, una felicitación a todo el equipo del hotel. 	1
Muy muy a gusto Hemos disfrutado de un fin de sema en uno de los áticos del hotel con muchísimo encanto, con líneas depuradas y a la última en decoración, habitación muy agradable con todo tipo de detalles. La situación muy buena, en el barrio de Lavapiés y muy cerca de todo. Los propietarios Lorena y Miguel Ãngel, encantadores, trato muy personalizado y amable, al igual que el demás personal. Qué mas podemos decir.......... seguro que volveremos. 	1
Encantador lugar! Un bellissimo hotel, un trato excelente de parte de todo su personal, bella construcción y decoración finísima. Realmente me hospedaría muchas veces en este lugar.	1
Un hotel muy bien comunicado Estupendo hotel muy bien comunicado con los principales atractivos de Madrid. a destacar el trato personalizado y detallado por parte del personal, destacar sobretodo a Miguel Ãngel, el propietario, el cual salió a recibirnos y a despedirnos con mucho cariño. Si volvemos a Madrid repetiremos sin pensarlo, totalmente recomendado!! 	1
Pequeño hotel intimo Hotel pequeño pero con gran servicio. bien ubicado de dia, aunque el barrio de lavapies resulta a veces intimidante en las noches. equipado con lo necesario. el estacionamiento es en otro local.	1
Estupenda experiencia He viajado mucho con mi pareja, alrededor del mundo y hemos quedado encantadísimos con este hotel, tanto por lo cuidado del mismo, como por la localización y sobretodo por la amabilidad del personal con el que coincidimos, un chico y una chica jovenes hiperatentos.	1
Excelente Hotel Un excelente hotel, muy bien equipado, ubicado a pocas distancias de todo, se puede ir a muchas atracciones y un centro comercial (Príncipe Pio) caminando. La habitación con vista que elegimos fue lo mejor, valió cada centavo que pagamos por ella, tiene una vista espectacular hacia el palacio real, la terraza es un rincón con hermosos detalles y vistas incomparables. El desayuno muy completo y de muy buena calidad.	1
Excelente Hotel cerca del Palacio Real Nos alojamos en este hotel por 3 dias al comienzo de nuestro viaje a Europa. Es un apartotel muy comodo. Tiene una habitacion espaciosa con una cama king donde descansamos muy bien despues de caminar por todo Madrid, una pequeña area de cocina y un baño muy amplio y moderno. La localizacion no puede ser mejor! Esta muy cerca del Palacio Real y se puede caminar perfectamente desde ahi a todas las atracciones de la ciudad.	1
BUEN HOTEL Estuvimos tres personas en un apartamento de los áticos. La verdad la vistas son espectaculares y la situación buena. El hotel es un poco pequeño y el desayuno bastante normalito pero en general es un buen hotel! 	1
Excelente ubicación, comodas instalaciones, céntrico Excelente lugar para hospedarse para conocer Madrid, cerca de dos estaciones de metro, lugar tranquilo, muy buen desayuno incluido en la tarifa. Una vista preciosa del Palacio Real, muy cerca de dos parques para los aficionados a hacer deporte y trotar. 	1
Una hotel con un estilo muy cool El arte de reformar un edificio de apartamentos en un aparthotel moderno, elegante y agradable. El viejo edificio entre Plaza España y Príncipe Pío ha tenido la suerte de que los dueños han sabido reformarlo. Le han dado un toque moderno, con colores vivos y mucha luz, sacando provecho a la ubicación tan buena que tiene. Han hecho una terraza en el ático desde la que se ve el Palacio Real. Ideal para tomar unas copas o cenar con un fondo de postal en verano. Además, tienen una colección de coches antiguos en una amplia sala del sótano que alquilan para eventos. Todo un museo convertido en un lugar para pasar unos días en Madrid. 	1
Un experiencia sin igual El arte de reformar un edificio de apartamentos en un apartahotel moderno, elegante y agradable. El viejo edificio entre Plaza España y Príncipe Pío ha tenido la suerte de que los dueños han sabido reformarlo. Le han dado un toque moderno, con colores vivos y mucha luz, sacando provecho a la ubicación tan buena que tiene. Han hecho una terraza en el ático desde la que se ve el Palacio Real. Ideal para tomar unas copas o cenar con un fondo de postal en verano. Además, tienen una colección de coches antiguos en una amplia sala del sótano que alquilan para eventos. Todo un museo convertido en un lugar para pasar unos dias en Madrid. 	1
Muy buena ubicación Nos alojamos 3 noches con nuestra hija mayor de 4 años en Abril de 2014 con el objeto de realizar una escapada a la que fue nuestra ciudad de residencia durante 5 años. Buscábamos algo céntrico y con una buena relación calidad-precio y eso fue lo que nos encontramos. El apartemento dispone de una pequeña cocina que nosotros no utilizamos. Es amplio con lo que se pudo ubicar sin ningun problema una cama supletoria para nuestra hija. Recomiendo subir a la terraza a hacerse unas fotos con el palacio real de fondo. Nos alojamos sin desayuno ya que muy cerca hay varios sitios donde poder desayunar muy bien por unos 5 euros por persona(recomiendo el N.geographic en gran via a 5 min sobre todo si se va con niños). La ubicación es perfecta. La única pega es el parking. No tiene ascensor desde la planta-2. 	1
Viaje Familia Castellanos R España 2014 Excelente ubicación, cercana a dos estaciones de Metro y al frente del Palacio Real, jardines de Oriente ,Teatro Real y tras la cuesta de San Vicente, el Madrid de los Austria, y el obligatorio Mercado de San Miguel. Habitaciones confortables y en muy buen estado (incluyendo su aseo), ideal para familias con niños. Excepcional atención del hotel y las habitaciones con vista al Palacio Real son realmente impactantes, no tiene precio.Altamente recomendable 	1
Excelente vista Me encanto este hotel, habitaciones cómodas y espaciosas, con una gran vista. La atención estuvo muy bien y el último día nos invitaron a conocer la colección de vehículos que se guardan en el hotel, altamente recomendable. 	1
Estancia muy agradable Deseo felicitar a todo el personal del hotel por su excelente atención. Las habitaciones muy limpias, labor de Rosa. Desayunos muy buenos. Me he sentido prácticamente como en casa. Volveré a repetir la estancia en este hotel. Espero que sea pronto.Gracias de nuevo. 	1
Hermoso edificio antiguo Hermoso edificio antiguo muy bien conservado los salones del piso 9 estan muy bien decorados y vale la penda salir a la terraza para ver la ciudad.	1
Opción recomendable para Madrid Muy bien ubicado en una linda zona de la Gran Vía, cercano al Madrid antiguo y con muy buena comunicación a todas partes. El hotel es un edificio de principios del S XX totalmente puesto a nuevo, pero que conserva su aire señorial. Muy agradables los salones del último piso y la terraza. Las habitaciones son cómodas y bien equipadas. El personal tiene muy buena predisposición y ayudan a hacer una estadía agradable. El desayuno es quizás un poco costoso, pero hay mil opciones en las cercanías para reemplazarlo. Recomendable. 	1
Recomendable! Es un hotel que calidad precio es muy bueno, las habitaciones están genial, son amplias y cómodas, la comida esta bien tambien y el trato es buenísimo! todos los detalles estan cuidados y pasará una estancia muy agradable! 	1
Un personal muy amable y detallista La verdad es que fue un placer estar en este hotel de la Gran Vía Madrileña. Al final son los pequeños detalles los que marcan la diferencia. Ya hay muy pocos hoteles que te preparen la cama, te ofrezcan albornoz o te pongan una chocolatina en la almohada. Los baños son estupendos con una duchas que son una gozada. He probado otros hoteles de la zona y ni se le acercan en calidad y amabilidad. Además nos invitaron a una copa de vino por reservar en la web del Hotel. Nos gustó mucho, lo recomiendo. 	1
Para elegirlo siempre Lo mejor del hotel es su ubicaciï¿½ï¿½n... Estï¿½ï¿½ en el punto justo de cercanï¿½ï¿½a a todo. 	1
Excelente ubicación y atención Fue muy buena la decisión de hospedarnos en este hotel. La ubicación y tranquilidad de nuestras habitaciones estuvo muy bien. Grato ambiente, completo desayuno, muy buena atención de todo el personal. Definitivamente vale la pena.	1
Por trabajo. Genial He estado hospedada por trabajo y en todo genial.	1
Por un pelillo Para que Uds. entiendan cual es la difeencia entre este hotel y los otros de Madrid, les cuento mi conversación con Dan, el portero de la noche. Mientras le contábamos lo cómodos que estábamos y lo bien situado del hotel, el nos dijo, que lo único que hacían es estar " un pelillo más " que los otros. Imaginense, todo el personal del hotel, tratando de hacer solo, un pelillo más. Esto se convierte en una enorme cabellera de satisfacción y placer. Un solo detalle, colocar estantes en el baño, es un poco incómodo no tener donde poner nuestros cosméticos.Por supuesto que si vuelvo a Madrid mi hotel será este. 	1
Hotel hecho en una vieja casa... Hotel hecho en una vieja casa, remodelado con muchisimo gusto y muy comodo y con muy buen ambiente. Personal amabilisimo!!! 	1
Magnifico fin de semana en el Only You Recomiendo 100% el hotel Only You. Excelente ubicación, impresionante decoración y mejor trato de todos los profesionales que hacen tu estancia en este hotel una experiencia única. Situado en pleno corazón de Madrid, desde sus puertas tienes todos los lugares de interés a 5 minutos a pie. Simplemente entrar a tomarse una copa (increíble selección de Gins) en su bar ingles de la entrada, ya es una gran satisfacción. Yo, personalmente, recomiendo disfrutar de su magnifico desayuno a la carta. Hacia tiempo que nos disfrutaba de un desayuno tan completo y variado. Finalmente, todos los profesionales que trabajan en el hotel, te reciben siempre con una sonrisa y los mejores deseos y consejos para pasar una buena estancia. En definitiva, cientos de detalles hacen que merezca la pena visitarlos y pasar unos días alojados en este magnifico hotel. 	1
Los Tres Mosqueteros Hoy miércoles de nuevo los tres socios de mi empresa nos juntamos a negociar en las mesas del hotel. 	1
Inmejorable La ubicación, la decoración, el ambiente, el servicio, las instalaciones, los salones y el bar hacen de Only You la opción imbatible en Madrid. Una grata sorpresa. Me encantó el salón con "chimenea". Tanto el afterwork como el brunch, dignos de tener en cuenta 	1
Genial Hotel  Este hotel es el Palacio del servicio. Un atención permanente del personal. Personal súper , atento y naturales. Servicio 5 estrellas ! Decorado novedoso, todos los detalles son cuidados ! Es un palacio dedicado al cliente. Ubicación perfecta. Pronto volveremos. 	1
Muy bueno Fue una experiencia muy buena! repetiré porque todo ha sido tan genial que no puedes decir que no a un sitio así. Ojalá hubiese tenido más tiempo para estar en el hotel en lugar de viajar por la ciudad. 	1
Como en casa Me resulta difícil recabar todas las características de este hotel en este pequeño espacio, pero lo intentaré. 	1
Muy céntrico y profesional Es la segunda vez que me alojo en el Hotel Preciados.Volvi por recodar su lugar privilegiado en el centro de Madrid,cerca de todo a pie.El servicio del hotel es muy profesional,las habitaciones suficientemente insonorizadas,no se oye la calle a pesar de estar tan céntrico.En los baños las toallas son nuevas,cosa poco habitual en muchos hoteles.La restauración también merece una puntuación destacada.Recomiendo el hotel.Volvere a el sin duda. 	1
Perfecta elección para visitar Madrid Hotel con una ubicación privilegiada en una zona muy ambientada y variada de Madrid	1
Ubicación perfecta!!! Hablar del hotel Preciados es sinónimo de excelente ubicación en Madrid.	1
Buena ubicación y buen hotel Solo pasé una noche en este hotel porque solo estaba de paso por Madrid. Es perfecto para visitar la ciudad porque está muy céntrico, casi al lado de la puerta del sol, y te permite visitar la ciudad cómodamente. 	1
Ubicación y buena atención Estuvimos muy comodos, muy buena atención de todo su personal. Ubicación óptima y habitación cómoda y limpia. Nos alojamos en el sector recientemente reciclado. Recomendable a pesar de su precio un poco alto. 	1
Excelente Hotel Yo voy todos los anos a Madrid y siempre me quedo en este hotel. Las habitaciones están limpias y modernas. El hotel esta muy céntrico y todos los empleados son fantásticos!!!!	1
HOTEL GENIAL Es uno de los hoteles dónde normalmente me alojo cuando estoy en Madrid por trabajo; siempre que puedo me alojo en el Hotel Preciados.	1
EXCELENTE UBICACION, EXCELENTE SERVICIO Siempre que vuelvo de visita a mi ciudad de origen me alojo en este hotel y es sin duda la mejor elección. 	1
hermoso hotel reciclado El hotel nos pareció fantástico. Estuvimos en una de las habitaciones remodeladas recientemente. El baño es espectacular con una ducha increíble. La habitación es grande y cómoda con un juego de luces increíble. La ubicación es otro punto a favor. Está en un lugar privilegiado. La relación calidad-precio es muy buena. Es una excelente opción en Madrid. 	1
Excelente hotel, sobretodo por su ubicación Lo más bueno de este hotel es su ubicación, está cerca de los sitios más turísticos de Madrid, como la Puerta del Sol, y sus alrededores. Te queda muy cerca el metro o si prefieres puedes caminar... La atención es excelente. Hay wifi gratis en todas las instalaciones del hotel. 	1
EXCELENTE HOTEL Un hotel fantástico. La habitación (Junior Suite) espectacular, muy amplia y con una decoración muy elegante. La atención del personal del hotel la califico como sobresaliente y la comida muy buena. Seguro que volveremos. 	1
buen hotel Un bellissimo hotel, un trato excelente de parte de todo su personal, bella construcción y decoración finísima. Realmente me hospedaría muchas veces en este lugar. Una cena romantica con mi novia en unos días maravillosos, definitivamente encantador. 	1
Muy recomendable La opinión general de este hotel es positiva, la ubicación es excelente ya que esta situado en el centro de Madrid, la decoración es clásica pero muy elegante, además las habitaciones son muy confortables, la comida es exquisita y muy variada. El trato recibido es muy bueno. 	1
Un hotel de muy buena calidad Sin duda uno de los mejores hoteles de la capital. No en vano es el único Relais Chateaux de Madrid. Todo es exquisito, su ubicación en la señorial y tranquila calle Orfila, a menos de 5 minutos de Colón, el servicio es uno de sus fuertes, excelente! y la decoración clásica y de gran elegancia. Lujo en su mejor expresión, el la de la experiencia. Imprescindible! 	1
Excelente e inmejorable Extraordinaria profesionalidad y cortesía de todo el personal, que consiguen la excelencia. Ãptima ubicación en el centro de Madrid. Están cuidados todos los detalles creando una atmósfera que te transporta a otra época. 	1
Una experiencia de lujo  No es casual que sea el único Relais Chateaux de Madrid. Y además en pleno centro, a 5 minutos de Colón. Cumple a la perfección las tradicionales "cinco C" del selecto y estricto sello de calidad francés: CaractÃ¨re, Courtoisie, Calme, Charme et Cuisine.	1
Excelente Hotel Celebramos un evento en uno de sus salones. El ambiente inigualable y la atención del personal exquisita. Fantástica ubicación (centro de Madrid). Nos encandiló la estética del hotel, uno de los más románticos de la ciudad. Totalmente recomendable. 	1
Suprema calidad y máxima atención Un almuerzo de Navidad de los 12 directivos de la empresa ha sido todo un éxito. El trato fabuloso, calidad de comida inmejorable, ambiente muy agradable con luz natural y salida independiente a la terraza, discreto y muy bien situado en el centro de Madrid junto a la Plaza de Colón. Dificil encontrar algo semejante, muy recomendable. 	1
Fantástico Hemos celebrado una reunión familiar en el hotel y hemos quedado encantados. Excelente relación calidad precio. Muy buena atención de todo el personal. La cena fabulosa, y de gran calidad. Un hotel a la altura de las cinco estrellas, por servicio, calidad, amabilidad y fantástica disposición de todo el personal.	1
Inmejorable calidad precio No soy habitual en utilizar los apartamentos para mis estancias en Madrid y quise probar,realmente quede sorprendido nada mas hacer la reserva ya que a continuacion recibi un cuestionario en el que solicitaba que necesidades tenia en cuanto el tipo de almohada(mi eterno problema),tipo de bebidas y snacks en el minibar ,servicio de transfer privado al aeropuerto ect..	1
Excelente Opción En definitiva excedió nuestras expectativas! Excelente ubicación, está cerca de todo, y con muy fácil acceso si llegas desde el metro. Las habitaciones son muy espaciosas y cómodas, la limpieza es excelente. Aunque es una zona muy transitada, en las habitaciones no se escucha nada de ruido. El personal es muy amable. Regresaríamos sin dudarlo. 	1
Excelente Es un Aparthotel excelente. En todos los sentidos. Pero quizá lo que más me gustó fue el trato del personal. La palabra que mejor los define es: profesionalidad! 	1
Muy grata estancia Acostumbrados a ir a hoteles de 4-5***** no muy céntricos nos animamos a reservar tres noches en el Splendom en pleno centro de Madrid. Ubicación ideal...bocacalle de Fuencarral(llena de tiendas) y a pocos metros de Granvia, Callao o Chueca.	1
PERFECTO Siplemente prefecto, mi apartamento tenía dos habitaciones, don baños, 3 televisones, una de las camas enormes de 2 x 2 metros, la otra de 1,80... magníficas, con mil detalles, amplio salón con flores frescas en la mesa, cargador de Iphone con radio en habitación principal... cafetera con cargas de leche y café, limpieza por la mañana y por la tarde volvían a pasar para abrir camas y traer bombones... el personal más amable imposible, te ayudaban en todo, y la ubicación perfecta, en una bocacalle de Gran Vía pero peatonal, así que en pleno centro pero sin un ruido!!! 	1
Magnifica opción en el centro de Madrid Estar alojados en este agradable y céntrico hotel ha ayudado a que los días que hemos pasado en Madrid hayan sido aún mas fantásticos.	1
Simplemente perfecto, felicidades Empiezo por lo único (lo único) que mejoraría: el proceso de check-in, excesivamente lento. Un inconveniente absolutamente menor ante TODO lo demás. Muchos hoteleros deberían pasar una noche o un par de ellas en este hotel y aprender a gestionar y a tratar al cliente. Es más un apartamento de lujo que un hotel, pero no hay ningún servicio hotelero que haya echado de menos. Destacaría:	1
Una joya en pleno centro Venimos de pasar el último fin de semana de Enero. Splendom Gran Vía ha sido el descubrimiento del año, eso es seguro. Por ubicación, por servicio/trato y por excelente relación calidad-precio. Nosotros nos alojamos en el apartamento de dos habitaciones. Preciosamente decoradas y con todo lujo de detalles como por ejemplo: flores naturales, amenidades de baño de calidad, servicio de cafetera en la cocina, todo muy limpio y el servicio de cobertura por la tarde-noche se agradece mucho....las camas comodísimas y aunque estas en pleno Gran Vía, NO se escucha un solo ruido!! La gente en recepción muy amables y dispuestos a darte toda la info que requieras. Lo que me encantó es que con el frío que hacía afuera, por la mañana la ducha era un verdadero placer gracias a que los calientatoallas mantenían las toallas calentitas. En el lobby del hotel tienen una zona de la que puedes disponer desde bollería, gominolas, leche, cereales, café, agua.....GRATIS! En definitiva, vamos a recomendar Splendom Suites Gran Vía y por supuesto regresaremos pronto. 	1
Excelente Los apartamentos están muy bien, tienen todo lo necesario para estar cómodo y sentirte como en tu propia casa. Además de que está decorado con muy buen gusto y ser acogedor a la vez que práctico.	1
Fantástica Estancia!! A pesar de que cuando llegamos nos encontramos con unos pequeños desperfectos en nuestro estudio (que fueron solucionados rápidamente), he de reconocer que nuestra estancia fue magnífica: instalaciones nuevas, buena limpieza, personal amable y servicial, localización estupenda en la Gran Vía muy cerca de la Puerta del Sol, y magnífica relación calidad precio. ¿Qué más se puede pedir? 	1
Ninguna pega El personal es muy amable, lo cual te facilita la estancia. Nosotros estuvimos un fin de semana solo (de viernes a domingo) y nos quedamos en la Suite Imperial, que hay que decir que es fabulosa en muchos aspectos. Se encuentra situada en la primera planta dando el balcon hacia una calle que es muy concurrida, y aun asi no se oye ni un solo ruido. La cama comodisima y grandisima. Si a esto le sumamos una iluminación justa que da mucha tranquilidad y un jacuzzi perfecto dentro del cuarto de baño, pues ya no se puede pedir mas. Fin de semana romántico en un lugar muy céntrico, muy bien situado con todo a mano y muy accesible al transporte publico.	1
El mejor hotel del centro Estuve con mi pareja y nos encantó el hotel y la situación. Las habitaciones son grandes y están perfectamente cuidadas. 	1
Encantador hotel en el corazón de Madrid. Quizás desde fuera del hotel no se aprecia lo que realmente ofrece. Es un hotel encantador, muy limpio, con habitaciones muy amplias y acogedoras. La nuestra daba a la calle y estaba en la primera planta lo que pensábamos en primer momento que podría suponer un inconveniente a la hora de dormir y nada más lejos de la realidad, descansamos de maravilla, sin ruidos molestos. Cama y almohada cómoda. 	1
Mucho lujo Hotel con un diseño de fachadas impactantes e interiores tambien sorprendentes.Las habitaciones extremadamente confortables y muy bien amuebladas con un baño bendecido por la iluminación , un spa increíble y super relajante.Un lugar ideal para una buena relajación y sobre todo un buen servicio donde permanece la tranquilidad y el silencio.A su alrededor lo mismo, tiene escenario increíbles para visitar y darse un buen paseo.No es en especial muy económico pero si uno busca excelencia y perfección seguro lo podrá encontrar 	1
Muy bien situado Es n hotel pequeño con una situacion magnifica. El personal muy amable y profesional, haciendo todo lo posible para que te sientas cómodo. La habitación standar es pequeña, pero es la única pega. La cama muy cómoda y grande, el baño tiene una ducha muy amplia, separada del resto. El silencio es absoluto y no hay ningún problema para descansar. Cuando volvamos a Madrid volveremos a este hotel, aunque pediremos una habitación superior para que sea un poco mas amplia 	1
perfecto para disfrutar de Madrid La situación es inmejorable para disfrutar de música de Jazz, al lado del Central y del Populart, de flamenco, de arte, el Reina Sofia, todo esto a dos pasos, y casi todo Madrid muy cerca o aun paseo agradable. te mueves por la ciudad sin necesidad de metro. El hotel es muy bonito, el trato del personal amable en todo momento, y es curioso que estando en una zona animada descansé sin ruidos, en una habitación luminosa y acogedora. Me gusta hacer una escapada por Madrid para disfrutar de todo lo que ofrece esta ciudad a nivel cultural y lúdico y es la vez que mejor he estado en parte gracias al sitio 	1
Una auténtica decepción Sinceramente estaba toda ilusionada, cuando procuro un hotel no solo miro fotos pero tambien opiniones y pontuacion por parte de otros viajeros, pero este me decepciono.	-1
Para no volver... Ya había estado una vez en el Hotel Regina, y la verdad es que me dieron una habitación modernita que no estaba mal.	-1
Regular. Se salva por la posición. Habitaciones con paredes de papel. Se oyen todos los ruidos, es imposible dormir. La almohada es muy incómoda pero hay que reconocer que las habitaciones están recién rehabilitadas y son bastante limpias.	-1
Los pequeños detalles hacen grandes a las personas (hoteles) Tenia una fantastica opinion por parte de mis compañeros de trabajo de este hotel y hasta mi salida del hotel, mi opinion era mas o menos correcta. Por motivos de trabajo me hospedo una gran cantidad de hoteles de todo el mundo durante el año (entre ellos varios Melia) y pienso que los pequeños detalles hacen grandes a las personas. Les cuento, mi viaje fue de caracter privado, con mi familia. Las habitaciones correctas, sin mas. El desayuno, muy correcto. El motivo de mi critica es personal y con un pequeño detalle que tuve a la hora de abandonar el hotel y que aunque pueda ser una tonteria, son detalles que no esperaba de un grupo hotelero de la categoria de Melia. Pagamos la factura por nuestra estancia. Mi hijo, que en la actualidad tiene 2 añitos, pudo ver como sobre el mostrador de la recepcion disponian de unos dulces, correctamente decorados para los niños. El niño queria una golosina, que en este caso son los famoso "chupa chups". Solicite educamente a la persona del hotel si podian obsequiar al niño con una unidad, a lo que esta persona de recepcion me informo de forma muy desagradable que no se le podian dar, ya que la direccion de la cadena se les enviaban contados. Señores.... un caramelo nunca se le niega a un niño, nunca, o al menos expongan una excusa mas creible y mas si viene desde un grupo hotelero tan importante a nivel mundial. Ademas de una persona amable en recepcion hace que los clientes se vayan satisfechos y recomienden sus instalaciones. Gracias por todo. 	-1
Decepcionante Cuando pensamos en su hotel, pensamos en pasar un momento especial ya que nos lo habían recomendado. Y la verdad que es un lugar especial, situado en una zona perfecta de Madrid. La recepcionista que nos atendió el primer fue muy amable, pero lo que no entiendo es que aún avisando que era un día de aniversario y sabiendo que había huespedes que estan celebrando una boda y niños que lógicamente van a hacer ruido, nos den una habitación que está justo al lado del comedor. Mi llegada al hotel fue temprana, me hubiera dado lo mismo esperar y que me hubieran dado una habitación mejor situada para mi situación, la de que queriamos descansar y estar tranquilos. También pedí una cama de matrimonio y me aseguraron de que así sería que si era posible, y que yo sepa dos camas juntas no hacen una cama de matrimonio, pero bueno eso era lo de menos. Por la tarde, cuando nos dimos cuenta de la situación de la habitación y del comedor me puse en contacto con la recepción, no dándome ninguna solución y diciéndome que en principio no habría ruido que nunca habían tenido ningún tipo de quejas al respecto, cosa incierta por algún comentario que he visto hoy en Internet. Por último decirles que el último día cuando ya harto de tanto ruido, desde las 08:00 horas, voy a la recepción y me encuentro que no tienen hojas de reclamaciones y que la hoja de aviso de que existen hojas de reclamaciones no está a la vista del cliente, esta escondida.Ya que el chico que estaba en la recepción fue muy amable decido no llamar a la Policía y posteriormente a las 2 horas me dan una fotocopia de una hoja de reclamación, el chico estaba un pelin nervioso y decido no llamar a la Policía para que levante acta, el no tiene la culpa. Me pone sello y firma en la hoja que me llevo y con eso averiguaré que es lo que debo de hacer. Hoy por la mañana me encuentro con este correo, en el que me piden disculpas y un descuento del 20% de descuento, si hasta me ofrecieron allí mismo acceso en la piscina del hotel room mate Oscar! Descuentos siempre los encuentras en Internet, por lo que les agradezco mucho esas disculpas mero no hacen valer esa recomendación por esa fama que al parecer tenian ustedes. 	-1
Seguro no vuelvo Poco servicio, habitaciones sucias, suelos de baños ya desgastados con el poco tiempo que llevan. Recepcion atorada y con servicio malo. Servicio en desayunos imposible. No creo pertenezca a una cadena como Melia porque no merece lo que pagas. Lo unico bueno la cama , y aun asi estaba bastante mal hecha. 	-1
Un desastre total la coordinación y organización. El pasado 25 de junio mi mujer y yo nos alojamos en este hotel. Pasábamos esa noche en Madrid con motivo de ir al concierto de los Rolling Stones en el Bernabeu. Mi mujer había hecho la reserva mediante Booking y pretendía darme una pequeña sorpresa contratando un Paquete Romantico que ofrecía el hotel. Viajamos a Madrid y llegamos más tarde de lo que pensábamos para llegar a tiempo al concierto, por lo que hicimos el check in en el hotel a toda prisa. Según llegamos nos pasaron ya la factura para cobrarnos la estancia, cosa que a nosotros nos resultó bastante raro puesto que somos usuarios habituales de hoteles de 5 estrellas y nos pareció extraño además de poco elegante ese hecho. Revisamos la factura y mi mujer le comenta a la chica que nos atiende que la reserva incluía check out a las 14 h., un paquete romántico y desayuno incluido. Ãsta la mira extrañada y le dice que no le consta en la reserva. A continuación mi mujer busca el correo de confirmación de reserva de Booking y se lo muestra, y entonces ella le pide que se lo reenvíe a una dirección de correo del hotel para confirmar dicha reserva con los extras que había contratado y pagado. Como teníamos prisa para irnos para el concierto, ella nos dice que no nos preocupemos que ella se ocupa de todo y que nos vayamos tranquilos, que a la vuelta esa noche al hotel ya estará preparado todo lo que habíamos contratado para nuestra estancia. Cuando horas más tarde llegamos al hotel, nos vamos a nuestra habitación y no había nada preparado. Nos fuimos a dormir. A la mañana siguiente (que teníamos contratado el check out para las 14h) nos llaman a las 12,30h pidiéndonos que abandonemos la habitación. Mi esposa les dice que teníamos contratada la salida a las 14h y nos piden disculpas por la molestia. Media hora más tarde nos llaman a la puerta de la habitación y nos dicen de nuevo que abandonemos la habitación. Mi mujer vuelve a llamar a recepción y les comenta que han vuelto a pedirnos que la abandonemos, además de que el Paquete Romantico que habíamos contratado nunca llegó. Nos piden disculpas y nos dices que en breve nos lo hacen llegar. Era ya casi las 13h con lo que mi mujer les comenta que en 1h tenemos que abandonar la habitación. Pasan alrededor de 10 minutos de varias llamadas de recepción unas pidiendo que de nuevo enviemos la confirmación de reserva de Booking, otras pidiendo disculpas, luego nos dicen que nos quedemos en el hotel si queremos 2 o 3 horas más... vamos que un desastre de organización. Luego nos llega el famoso paquete romántico, pero nos traen la mitad de las cosas... En resumen, que la organización y coordinación del personal del hotel en nuestro caso muy mal. 	-1
MUY MUY DECEPCIONADO En un principio paraceia una opcion buena y barata para hacer escala o trasbordo en el hotel. 	-1
Decepcionante Estuve alojada durante 3 semanas por trabajo. Ãramos un grupo de más de veinte personas y la atención que se nos ha ofrecido fue pésima. Desayuno: poca variedad, y horario reducido de 7 a 10 de la mñn. Exponen q es hasta las 10:30 pero a partir de las 10 ya no queda nada, el café malísimo y los cruasanes parecen chicle.	-1
Comida en las sabanas y todo asqueroso De buenas a primeras todo parece precioso, pero cuando entras a tu habitacion, esta todo muy sucio, las cortinas, la moqueta.	-1
Caro y ruidoso Mala experiencia 	-1
fiesta tradición fuse Realizamos nuestra fiesta de graducion en la azotea del hotel y la puntuación final es pésima. Concretamos una cena tipo cocktail de dos horas, 5horas de barra libre con alcohol de primeras marcas, 45min d decena y dj gratuito. Lo único conforme de la noche fue la cena, ya que nos dijeron que podíamos llevar una lista de canciones de Spotify y la ponía el dj. Nuestra sorpresa llegó cuando al entregarle la lista nos dice que no tiene conexión a internet (estando nosotros conectados de se el móvil al WiFi del hotel) y nos puso la música que el quiso. Seguimos con la barra libre, el alcohol malísimo, nada de primeras marcas, todo "garrafón" lo que nos produjo a la gran mayoría de la gente estar varios días malos, y ya lo que remato la noche fue la recena. Nos ofrecieron cuando les contratamos una recena de 45 min compuesta por 5 platos fríos y 5 calientes, compuesto por brochetas de pollo, croquetas, sushi entre otros..pero nuestra sorpresa fue cuando solo por 10 min vimos aparecer 3 bandejas de cruasanes de nocilla (de los que venden en el mercadona en bolsitas individuales) y de chorizo, una vergüenza. Y queda por destacar la mala educacion de los organizadores, ya que al quejarnos dijeron con palabras textuales "me la pica un pollo".	-1
Verguenza Durante una corta visita de dos días al hotel tuve la necesidad de solicitar a recepción una aguja para solucionar un problema en la vestimenta, la respuesta fue un no rotundo alegando que no tenían eso en el hotel, he procedido a realizar una reclamación, posteriormente he recibido disculpas por parte de la dirección del hotel. En otro orden es importante destacar el estado de algunos pisos y/o habitaciones, el hotel precisa una reforman considerable, las fotos no se corresponden con la realidad.... no volvería a alojarme otra vez. 	-1
Maloliente experiencia El hotel esta ubicado en una plaza muy céntrica y animada, con muchos restaurantes y pubs en los alrededores. Un hotel renovado en estilo moderno. La habitación es amplia, pero nada mas entrar percibimos un olor a cloaca. La ventana estaba abierta así que la cerramos. Pero el olor continuaba apestando la estancia. Ofrecen un ordenador en la habitación que no funcionaba...así que protestamos por ambas cosas en recepción. Nos dijeron que el hotel estaba lleno y no nos podían ofrecer otra habitación, pese a pertenecer a una cadena hotelera que tiene varios hoteles de similar categoría en los alrededores. Tuvimos que pasar la noche en la habitación oliendo a aguas residuales...	-1
mal Mal en casi todo. Me dieron la habitación mas mala de todo el hotel, la verdad es que no estuvimos a gusto. Faltan toallas. solamente dos, sin toallas de lavabo, y vendría bien una papelera en la habitación. 	-1
Era cliente. No mas Hace 6 meses me hospedé y todo muy bien, sin queja. La ubicación, la limpieza, comodidad, todo EXCELENTE. Pero...	-1
Decepcionante Teníamos contratada una Triple Superior, pero al llegar a la habitación nos encontramos con dos camas y un sofá con una sábana. No nos dejaron utilizar la terraza interior del hotel porque -dijeron- no tenían suficientes camareros para atenderla. El hotel, a excepción de que no tiene ninguna zona de carga y descarga de maletas, por lo demás está bien, pero el servicio no hace en absoluto honor ni a un cuatro estrellas ni al precio del establecimiento. 	-1
Se oye todo Nos hospedamos en este hotel con un niño de 2 años, la limpieza podría mejorarse y la habitación triple era simplemente una doble añadiéndole una cama supletoria dejando poco espacio entre las camas, la cama supletoria tenía hierros tanto en cabecera como pies y rueda con la que El Niño podía golpearse, pero lo que fue imperdonable para un hotel de 4 estrellas fue la pésima insonorización de las habitaciones. Realmente se oía todo desde un ronquido, una conversación, cisterna, etc hasta cualquier ruido que se puedan imaginar. No aconsejaría este hotel. 	-1
cuidado con el estudio interior. mi esposa y yo vimos varias opciones por internet y decidimos escoger el estudio por precio, zona y fotos. cual seria mi sorpresa cuando llegamos, que en vez de subir al ascensor, nos quedamos en la planta de recepcion,un lateral que supongo seria un almacen del hotel reconvertido en estudio tipo zulo, sin ventanas, si querias saber si era de dia o de noche tenias que salir a recepcion, en ningun momento me dijeron que no habia ni una triste ventana,el ruido del ascensor junto al de los motores de aire acondiconado y la entrada y salida de clientesnos hacian compañia por las noches, nos quejamos y nos dijeron que no habia habitaciones libres, o sea que esto son lentejas...la atencion de las chicas muy correcto, igual que la limpieza y el desayuno, y de cancelar por alguna situacion inesperada, olvidate, pagas el total de la reserva (condiciones en ingles). En fin, unas vacaciones culturales por Madrid, deja un sabor agridulce cuando piensas que el hotel que elijes (75 euros por noche) te ha tomado el pelo descaradamente. el resto de las vacaciones, Madrid y los madrileños, maravillosos.	-1
